DROP TABLE IF EXISTS CUSTOMER;
DROP TABLE IF EXISTS ACCOUNT;
DROP TABLE IF EXISTS PRODUCT;

CREATE TABLE CUSTOMER
(
   SSN char(10),
   FIRSTNAME varchar(64),
   LASTNAME varchar(64),
   ST_ADDRESS varchar(256),
   APT_NUMBER varchar(32),
   CITY varchar(64),
   STATE varchar(32),
   ZIPCODE varchar(10),
   PHONE varchar(15),
   CONSTRAINT CUSTOMER_PK PRIMARY KEY(SSN)
);


CREATE TABLE ACCOUNT
(
   ACCOUNT_ID integer,
   SSN char(10),
   STATUS char(10),
   TYPE char(10),
   DATEOPENED timestamp,
   DATECLOSED timestamp,
   CONSTRAINT ACCOUNT_PK PRIMARY KEY(ACCOUNT_ID)
);


CREATE TABLE  PRODUCT (
   ID integer,
   SYMBOL varchar(16),
   COMPANY_NAME varchar(256),
   CONSTRAINT PRODUCT_PK PRIMARY KEY(ID)
);


INSERT INTO CUSTOMER (SSN,FIRSTNAME,LASTNAME,ST_ADDRESS,APT_NUMBER,CITY,STATE,ZIPCODE,PHONE) VALUES ('CST01002','Joseph','Smith','1234 Main Street','Apartment 56','New York','New York','10174','(646)555-1776');
INSERT INTO CUSTOMER (SSN,FIRSTNAME,LASTNAME,ST_ADDRESS,APT_NUMBER,CITY,STATE,ZIPCODE,PHONE) VALUES ('CST01003','Nicholas','Ferguson','202 Palomino Drive',null,'Pittsburgh','Pennsylvania','15071','(412)555-4327');
INSERT INTO CUSTOMER (SSN,FIRSTNAME,LASTNAME,ST_ADDRESS,APT_NUMBER,CITY,STATE,ZIPCODE,PHONE) VALUES ('CST01004','Jane','Aire','15 State Street',null,'Philadelphia','Pennsylvania','19154','(814)555-6789');
INSERT INTO CUSTOMER (SSN,FIRSTNAME,LASTNAME,ST_ADDRESS,APT_NUMBER,CITY,STATE,ZIPCODE,PHONE) VALUES ('CST01005','Charles','Jones','1819 Maple Street','Apartment 17F','Stratford','Connecticut','06614','(203)555-3947');
INSERT INTO CUSTOMER (SSN,FIRSTNAME,LASTNAME,ST_ADDRESS,APT_NUMBER,CITY,STATE,ZIPCODE,PHONE) VALUES ('CST01006','Virginia','Jefferson','1710 South 51st Street','Apartment 3245','New York','New York','10175','(718)555-2693');
INSERT INTO CUSTOMER (SSN,FIRSTNAME,LASTNAME,ST_ADDRESS,APT_NUMBER,CITY,STATE,ZIPCODE,PHONE) VALUES ('CST01007','Ralph','Bacon','57 Barn Swallow Avenue',null,'Charlotte','North Carolina','28205','(704)555-4576');
INSERT INTO CUSTOMER (SSN,FIRSTNAME,LASTNAME,ST_ADDRESS,APT_NUMBER,CITY,STATE,ZIPCODE,PHONE) VALUES ('CST01008','Bonnie','Dragon','88 Cinderella Lane',null,'Jacksonville','Florida','32225','(904)555-6514');
INSERT INTO CUSTOMER (SSN,FIRSTNAME,LASTNAME,ST_ADDRESS,APT_NUMBER,CITY,STATE,ZIPCODE,PHONE) VALUES ('CST01009','Herbert','Smith','12225 Waterfall Way','Building 100, Suite 9','Portland','Oregon','97220','(971)555-7803');
INSERT INTO CUSTOMER (SSN,FIRSTNAME,LASTNAME,ST_ADDRESS,APT_NUMBER,CITY,STATE,ZIPCODE,PHONE) VALUES ('CST01015','Jack','Corby','1 Lone Star Way',null,'Dallas','Texas','75231','(469)555-8023');
INSERT INTO CUSTOMER (SSN,FIRSTNAME,LASTNAME,ST_ADDRESS,APT_NUMBER,CITY,STATE,ZIPCODE,PHONE) VALUES ('CST01019','Robin','Evers','1814 Falcon Avenue',null,'Atlanta','Georgia','30355','(470)555-4390');
INSERT INTO CUSTOMER (SSN,FIRSTNAME,LASTNAME,ST_ADDRESS,APT_NUMBER,CITY,STATE,ZIPCODE,PHONE) VALUES ('CST01020','Lloyd','Abercrombie','1954 Hughes Parkway',null,'Los Angeles','California','90099','(213)555-2312');
INSERT INTO CUSTOMER (SSN,FIRSTNAME,LASTNAME,ST_ADDRESS,APT_NUMBER,CITY,STATE,ZIPCODE,PHONE) VALUES ('CST01021','Scott','Watters','24 Mariner Way',null,'Seattle','Washington','98124','(206)555-6790');
INSERT INTO CUSTOMER (SSN,FIRSTNAME,LASTNAME,ST_ADDRESS,APT_NUMBER,CITY,STATE,ZIPCODE,PHONE) VALUES ('CST01022','Sandra','King','96 Lakefront Parkway',null,'Minneapolis','Minnesota','55426','(651)555-9017');
INSERT INTO CUSTOMER (SSN,FIRSTNAME,LASTNAME,ST_ADDRESS,APT_NUMBER,CITY,STATE,ZIPCODE,PHONE) VALUES ('CST01027','Maryanne','Peters','35 Grand View Circle','Apartment 5F','Cincinnati','Ohio','45232','(513)555-9067');
INSERT INTO CUSTOMER (SSN,FIRSTNAME,LASTNAME,ST_ADDRESS,APT_NUMBER,CITY,STATE,ZIPCODE,PHONE) VALUES ('CST01034','Corey','Snyder','1760 Boston Commons Avenue','Suite 543','Boston','Massachusetts','02136 ','(617)555-3546');
INSERT INTO CUSTOMER (SSN,FIRSTNAME,LASTNAME,ST_ADDRESS,APT_NUMBER,CITY,STATE,ZIPCODE,PHONE) VALUES ('CST01035','Henry','Thomas','345 Hilltop Parkway',null,'San Francisco','California','94129','(415)555-2093');
INSERT INTO CUSTOMER (SSN,FIRSTNAME,LASTNAME,ST_ADDRESS,APT_NUMBER,CITY,STATE,ZIPCODE,PHONE) VALUES ('CST01036','James','Drew','876 Lakefront Lane',null,'Cleveland','Ohio','44107','(216)555-6523');

INSERT INTO ACCOUNT (ACCOUNT_ID,SSN,STATUS,TYPE,DATEOPENED,DATECLOSED) VALUES (19980002,'CST01002','Personal  ','Active    ', '1998-02-01 00:00:00.000', NULL);
INSERT INTO ACCOUNT (ACCOUNT_ID,SSN,STATUS,TYPE,DATEOPENED,DATECLOSED) VALUES (19980003,'CST01003','Personal  ','Active    ','1998-03-06 00:00:00.000',null);
INSERT INTO ACCOUNT (ACCOUNT_ID,SSN,STATUS,TYPE,DATEOPENED,DATECLOSED) VALUES (19980004,'CST01004','Personal  ','Active    ','1998-03-07 00:00:00.000',null);
INSERT INTO ACCOUNT (ACCOUNT_ID,SSN,STATUS,TYPE,DATEOPENED,DATECLOSED) VALUES (19980005,'CST01005','Personal  ','Active    ','1998-06-15 00:00:00.000',null);
INSERT INTO ACCOUNT (ACCOUNT_ID,SSN,STATUS,TYPE,DATEOPENED,DATECLOSED) VALUES (19980006,'CST01006','Personal  ','Active    ','1998-09-15 00:00:00.000',null);
INSERT INTO ACCOUNT (ACCOUNT_ID,SSN,STATUS,TYPE,DATEOPENED,DATECLOSED) VALUES (19990007,'CST01007','Personal  ','Active    ','1999-01-20 00:00:00.000',null);
INSERT INTO ACCOUNT (ACCOUNT_ID,SSN,STATUS,TYPE,DATEOPENED,DATECLOSED) VALUES (19990008,'CST01008','Personal  ','Active    ','1999-04-16 00:00:00.000',null);
INSERT INTO ACCOUNT (ACCOUNT_ID,SSN,STATUS,TYPE,DATEOPENED,DATECLOSED) VALUES (19990009,'CST01009','Business  ','Active    ','1999-06-25 00:00:00.000',null);
INSERT INTO ACCOUNT (ACCOUNT_ID,SSN,STATUS,TYPE,DATEOPENED,DATECLOSED) VALUES (20000015,'CST01015','Personal  ','Closed    ','2000-04-20 00:00:00.000','2001-06-22 00:00:00.000');
INSERT INTO ACCOUNT (ACCOUNT_ID,SSN,STATUS,TYPE,DATEOPENED,DATECLOSED) VALUES (20000019,'CST01019','Personal  ','Active    ','2000-10-08 00:00:00.000',null);
INSERT INTO ACCOUNT (ACCOUNT_ID,SSN,STATUS,TYPE,DATEOPENED,DATECLOSED) VALUES (20000020,'CST01020','Personal  ','Active    ','2000-10-20 00:00:00.000',null);
INSERT INTO ACCOUNT (ACCOUNT_ID,SSN,STATUS,TYPE,DATEOPENED,DATECLOSED) VALUES (20000021,'CST01021','Personal  ','Active    ','2000-12-05 00:00:00.000',null);
INSERT INTO ACCOUNT (ACCOUNT_ID,SSN,STATUS,TYPE,DATEOPENED,DATECLOSED) VALUES (20010022,'CST01022','Personal  ','Active    ','2001-01-05 00:00:00.000',null);
INSERT INTO ACCOUNT (ACCOUNT_ID,SSN,STATUS,TYPE,DATEOPENED,DATECLOSED) VALUES (20010027,'CST01027','Personal  ','Active    ','2001-08-22 00:00:00.000',null);
INSERT INTO ACCOUNT (ACCOUNT_ID,SSN,STATUS,TYPE,DATEOPENED,DATECLOSED) VALUES (20020034,'CST01034','Business  ','Active    ','2002-01-22 00:00:00.000',null);
INSERT INTO ACCOUNT (ACCOUNT_ID,SSN,STATUS,TYPE,DATEOPENED,DATECLOSED) VALUES (20020035,'CST01035','Personal  ','Active    ','2002-02-12 00:00:00.000',null);
INSERT INTO ACCOUNT (ACCOUNT_ID,SSN,STATUS,TYPE,DATEOPENED,DATECLOSED) VALUES (20020036,'CST01036','Personal  ','Active    ','2002-03-22 00:00:00.000',null);

INSERT INTO PRODUCT (ID,SYMBOL,COMPANY_NAME) VALUES(1002,'BA','The Boeing Company');
INSERT INTO PRODUCT (ID,SYMBOL,COMPANY_NAME) VALUES(1003,'MON','Monsanto Company');
INSERT INTO PRODUCT (ID,SYMBOL,COMPANY_NAME) VALUES(1004,'PNRA','Panera Bread Company');
INSERT INTO PRODUCT (ID,SYMBOL,COMPANY_NAME) VALUES(1005,'SY','Sybase Incorporated');
INSERT INTO PRODUCT (ID,SYMBOL,COMPANY_NAME) VALUES(1006,'BTU','Peabody Energy');
INSERT INTO PRODUCT (ID,SYMBOL,COMPANY_NAME) VALUES(1007,'IBM','International Business Machines Corporation');
INSERT INTO PRODUCT (ID,SYMBOL,COMPANY_NAME) VALUES(1008,'DELL','Dell Computer Corporation');
INSERT INTO PRODUCT (ID,SYMBOL,COMPANY_NAME) VALUES(1010,'HPQ','Hewlett-Packard Company');
INSERT INTO PRODUCT (ID,SYMBOL,COMPANY_NAME) VALUES(1011,'GTW','Gateway, Incorporated');
INSERT INTO PRODUCT (ID,SYMBOL,COMPANY_NAME) VALUES(1012,'GE','General Electric Company');
INSERT INTO PRODUCT (ID,SYMBOL,COMPANY_NAME) VALUES(1013,'MRK','Merck and Company Incorporated');
INSERT INTO PRODUCT (ID,SYMBOL,COMPANY_NAME) VALUES(1014,'DIS','Walt Disney Company');
INSERT INTO PRODUCT (ID,SYMBOL,COMPANY_NAME) VALUES(1015,'MCD','McDonalds Corporation');
INSERT INTO PRODUCT (ID,SYMBOL,COMPANY_NAME) VALUES(1016,'DOW','Dow Chemical Company');
INSERT INTO PRODUCT (ID,SYMBOL,COMPANY_NAME) VALUES(1018,'GM','General Motors Corporation');
INSERT INTO PRODUCT (ID,SYMBOL,COMPANY_NAME) VALUES(1024,'SBGI','Sinclair Broadcast Group Incorporated');
INSERT INTO PRODUCT (ID,SYMBOL,COMPANY_NAME) VALUES(1025,'COLM','Columbia Sportsware Company');
INSERT INTO PRODUCT (ID,SYMBOL,COMPANY_NAME) VALUES(1026,'COLB','Columbia Banking System Incorporated');
INSERT INTO PRODUCT (ID,SYMBOL,COMPANY_NAME) VALUES(1028,'BSY','British Sky Broadcasting Group PLC');
INSERT INTO PRODUCT (ID,SYMBOL,COMPANY_NAME) VALUES(1029,'CSVFX','Columbia Strategic Value Fund');
INSERT INTO PRODUCT (ID,SYMBOL,COMPANY_NAME) VALUES(1030,'CMTFX','Columbia Technology Fund');
INSERT INTO PRODUCT (ID,SYMBOL,COMPANY_NAME) VALUES(1031,'F','Ford Motor Company');
INSERT INTO PRODUCT (ID,SYMBOL,COMPANY_NAME) VALUES(1033,'FCZ','Ford Motor Credit Company');
INSERT INTO PRODUCT (ID,SYMBOL,COMPANY_NAME) VALUES(1034,'SAP','SAP AG');
INSERT INTO PRODUCT (ID,SYMBOL,COMPANY_NAME) VALUES(1036,'TM','Toyota Motor Corporation');